race,Enrollment,Percentage,Imbalance,Twomile,Fivemile,Fill1,Fill2,Fill5
White,125.811290322581,33.8896720537634,-1.85924404014337,35.7489160939068,36.9359036140681,35.1647349967771,34.9512877654527,34.7742441755618
Black,108.791039426523,28.4865337858423,5.72134852775986,22.7651852580824,21.5823505604301,23.757619118286,23.8829373168952,23.879708138802
Hispanic,123.859677419355,29.188586055914,-2.8246399733871,32.0132260293011,31.9591951991398,31.436009684181,31.570655523809,31.9108098110047
Asian,15.8353046594982,3.20962971397849,-0.59551861327957,3.80514832725806,3.96491182232975,3.77790819982168,3.72724353941702,3.66534363278602
Other,16.5016129032258,5.22557859569892,-0.441945694103943,5.66752428980287,5.55763880422939,5.86372800104158,5.86787585437796,5.76989424177957
