race,Enrollment,Percentage,Imbalance,Twomile,Fivemile,Fill1,Fill2,Fill5
White,294.517744680322,56.0912297073277,-2.62878076761239,58.7200104749401,59.0192041185297,59.2800414650888,59.0683920081806,58.9274099381575
Black,85.2344881557209,14.1134194368284,1.52300958150876,12.5904098553197,12.3313785785623,12.4059258270482,12.5158024220937,12.5569625964019
Hispanic,140.57746916264,20.996246531446,1.13512353220004,19.861122999246,19.8175127491746,19.5347431859321,19.6392760639695,19.7289977239504
Asian,28.161223805324,3.75718068891843,0.397272155985491,3.35990853293293,3.4095281943058,3.29775943764492,3.30174424714114,3.32734668361922
Other,25.3614399463374,5.04192386030334,-0.426624277115139,5.46854813741848,5.42237635923258,5.48153008429124,5.47478525861465,5.45928305785619
